config,slippage,total_pnl,num_trades,win_rate_pct,loss_rate_pct,breakeven_pct,profit_factor,sharpe,max_drawdown_pct
patient_target3,0.0,219.3777920807143,598,36.62207357859532,63.37792642140468,0.0,2.085458536816088,1.6336426977831462,-20.341293865172293
patient_target3,0.005,213.39779208071405,598,36.45484949832776,63.54515050167224,0.0,2.0364073757999392,1.5940807221411748,-20.923725377187495
patient_target3,0.01,207.41779208071438,598,36.12040133779264,63.87959866220736,0.0,1.9890474650013237,1.5542182673961273,-21.577199631891574
patient_target3,0.02,195.45779208071448,598,35.618729096989966,64.38127090301003,0.0,1.8991015561126525,1.4735883457361683,-23.455980235112598
patient_target3,0.03,183.4977920807143,598,34.448160535117054,65.55183946488295,0.0,1.8149143500443865,1.3917463628481905,-25.295945472331766
